condition	context_bases	changed_samples	changed_fraction	hybrid_records	target_overlapping_records	GT	QUAL	INFO_DP	REF_DP4	ALT_DP4	DP4	status
CLEAN	-1	0	0	63	39	0/1	138.247	34	18	16	7,11,9,7	PASS
E2_W0	0	280	0.0000661730	63	39	0/1	42.47	32	20	12	9,11,5,7	PASS
E2_PM2	2	776	0.0001833939	63	39	0/1	34.3677	34	20	14	9,11,7,7	PASS
E1_PM5	5	1599	0.0003778954	63	39	0/1	41.4192	29	18	11	7,11,4,7	PASS
E2_PM10	10	2982	0.0007047430	63	39	0/1	36.3735	31	19	12	8,11,5,7	PASS
E2_PM20	20	5862	0.0013853800	63	39	0/1	40.4288	31	19	12	8,11,5,7	PASS
