locus_id	chrom	pos	ref	alt	truth_gt	total_depth	ref_count	alt_count	mean_base_quality	mean_mapping_quality	alt_read_ids
L2	chr20	10002468	G	A	0/1	34	20	14	41.26470588235294	60	056e1e32-798a-4c3c-b689-7fc85b61e685,1048f052-78a6-4365-b963-158646e0873d,1cfe4922-26dd-46c1-aac3-7fc45b47fbc6,3071c67a-4df2-4938-abd9-cb2c2c1698ec,30f0746e-65be-4ce2-ab62-fadd28e3722a,485ec638-968d-43c0-a1e5-dc895c15c952,581a2e54-d186-4284-8fc6-70f011c91ebe,5fd6c07b-d5ac-49ed-ac34-9880f5e6d568,85a2e69f-c892-4fa0-a654-791d8b3c61ea,96199b55-77c7-4282-a961-e39c4f657f17,9c90b2fc-01c4-4ed7-a306-55ca626d7301,b87605a9-c5bf-4a28-bb0e-6d5a01153bb2,c522d0dc-011f-4d24-8f6c-16cbf5a3b033,cf7d1455-4905-4050-b960-63ec455e17f4
L3	chr20	10006496	T	C	0/1	36	22	14	32.388888888888886	60	056e1e32-798a-4c3c-b689-7fc85b61e685,1048f052-78a6-4365-b963-158646e0873d,1cfe4922-26dd-46c1-aac3-7fc45b47fbc6,3071c67a-4df2-4938-abd9-cb2c2c1698ec,30f0746e-65be-4ce2-ab62-fadd28e3722a,485ec638-968d-43c0-a1e5-dc895c15c952,581a2e54-d186-4284-8fc6-70f011c91ebe,7cf5feb0-df82-4a49-ad56-407638f6fd20,85a2e69f-c892-4fa0-a654-791d8b3c61ea,96199b55-77c7-4282-a961-e39c4f657f17,9c90b2fc-01c4-4ed7-a306-55ca626d7301,b87605a9-c5bf-4a28-bb0e-6d5a01153bb2,c522d0dc-011f-4d24-8f6c-16cbf5a3b033,cf7d1455-4905-4050-b960-63ec455e17f4
