condition	sigma_fraction	seeds	changed_sequence_fraction_mean	changed_sequence_fraction_sd	changed_sequence_fraction_min	changed_sequence_fraction_max	mean_sequence_identity_percent_mean	mean_sequence_identity_percent_sd	mean_sequence_identity_percent_min	mean_sequence_identity_percent_max	mean_edit_distance_mean	mean_edit_distance_sd	mean_edit_distance_min	mean_edit_distance_max	mean_normalized_edit_distance_mean	mean_normalized_edit_distance_sd	mean_normalized_edit_distance_min	mean_normalized_edit_distance_max	mean_qscore_change_mean	mean_qscore_change_sd	mean_qscore_change_min	mean_qscore_change_max	mean_length_change_mean	mean_length_change_sd	mean_length_change_min	mean_length_change_max	changed_sample_fraction_mean	changed_sample_fraction_sd	changed_sample_fraction_min	changed_sample_fraction_max	split_parent_groups_mean	split_parent_groups_sd	split_parent_groups_min	split_parent_groups_max
GN01	0.01	3	0.9359999999999999	0.011269427669584591	0.923	0.943	98.50462866666666	0.09592998208241973	98.403965	98.594994	40.322	0.85568627428515	39.625	41.277	0.0149537105	0.0009592975844623449	0.0140500598	0.0159603452	-0.113612	0.009312528335527365	-0.1242	-0.106692	-3.9903333333333335	2.220669343538865	-6.53	-2.414	0.7095631365666667	1.6299925334898133e-05	0.7095533756	0.7095819537	11.0	1.7320508075688772	9.0	12.0
GN05	0.05	3	0.9923333333333333	0.0011547005383792525	0.991	0.993	96.20622	0.03204704914652634	96.169877	96.230425	112.791	0.06489992295835427	112.719	112.845	0.03793780096666667	0.0003204731743174812	0.0376957481	0.0383012338	-2.533147	0.037234726425744	-2.573565	-2.500241	-19.251666666666665	0.18480891031910038	-19.43	-19.061	0.9405791144	1.6258623861824175e-05	0.940566165	0.940597361	9.666666666666666	2.0816659994661326	8.0	12.0
GN10	0.1	3	0.9993333333333333	0.0005773502691896262	0.999	1.0	92.74752733333332	0.07848938420788759	92.671354	92.828144	274.64	1.5822613564136643	272.995	276.151	0.0725247261	0.0007848956023071925	0.071718557	0.0732864604	-10.728330333333332	0.012571168216730499	-10.738176	-10.71417	-37.26833333333333	0.9071412973364922	-37.999	-36.253	0.9702549350999999	2.233053731307605e-05	0.9702373038	0.9702800451	6.0	1.7320508075688772	4.0	7.0
